id,message,stack_trace,body,headers,environment,package_name,package_version,created_at,issue_id,name,type,version,user_agent,tags,project_id,device_type,browser_major_version,browser,platform_version,browser_type
06956cb5-7723-49c5-b41a-aae1a7452644,An error has occurred in the eval() function,"Lorem Ipsum is simply dummy text of the printing and typesetting industry. Lorem Ipsum has been the industry's standard dummy text ever since the 1500s, when an unknown printer took a galley of type and scrambled it to make a type specimen book. It has survived not only five centuries, but also the leap into electronic typesetting, remaining essentially unchanged. It was popularised in the 1960s with the release of Letraset sheets containing Lorem Ipsum passages, and more recently with desktop publishing software like Aldus PageMaker including versions of Lorem Ipsum.",,application/json:PostmanRuntime/7.30.1,,,,2023-02-03 12:07:11,2,,AztecaError,,PostmanRuntime/7.30.1,"{deviceType=Unknown, browserMajorVersion=0, platform=Unknown, browser=Postman Runtime, platformVersion=Unknown, browserType=Bot/Crawler}",1,Unknown,0,Postman Runtime,Unknown,Bot/Crawler
1a2bccca-c5fd-40e4-b6f5-a222d98455a3,An error has occurred in the eval() function,Lorem Ipsum is simply dummy text of the printing and typesetting industry. Lorem Ipsum has been the industry's standard dummy text ever since the 1500s, when an unknown printer took a galley of type and scrambled it to make a type specimen book. It has survived not only five centuries, but also the leap into electronic typesetting, remaining esse, and more recently with deskto,,2023-01-26 00:00:00,1,,EvalError,,PostmanRuntime/7.30.0,,1,,,,,
2a0c4ef1-2490-4fc1-b377-729927df456f,An error has occurred in the eval() function,Lorem Ipsum is simply dummy text of the printing and typesetting industry. Lorem Ipsum has been the industry's standard dummy text ever since the 1500s, when an unknown printer took a galley of type and scrambled it to make a type specimen book. It has survived not only five centuries, but also the leap into electronic typesetting, remaining esse, and more recently with deskto,,2023-02-04 12:07:12,3,,AztecaError,,PostmanRuntime/7.30.1,"{deviceType=Unknown, browserMajorVersion=0, platform=Unknown, browser=Postman Runtime, platformVersion=Unknown, browserType=Bot/Crawler}",1,Unknown,0,Postman Runtime,Unknown,Bot/Crawler
370e6229-1158-459a-813a-f201f43392df,An error has occurred in the eval() function,Lorem Ipsum is simply dummy text of the printing and typesetting industry. Lorem Ipsum has been the industry's standard dummy text ever since the 1500s, when an unknown printer took a galley of type and scrambled it to make a type specimen book. It has survived not only five centuries, but also the leap into electronic typesetting, remaining esse, and more recently with deskto,,2023-02-02 12:07:11,4,,AztecaError,,PostmanRuntime/7.30.1,"{deviceType=Unknown, browserMajorVersion=0, platform=Unknown, browser=Postman Runtime, platformVersion=Unknown, browserType=Bot/Crawler}",1,Unknown,0,Postman Runtime,Unknown,Bot/Crawler
375f53f5-b04b-458d-a552-d8ff7e1b1263,An error has occurred in the eval() function,Lorem Ipsum is simply dummy text of the printing and typesetting industry. Lorem Ipsum has been the industry's standard dummy text ever since the 1500s, when an unknown printer took a galley of type and scrambled it to make a type specimen book. It has survived not only five centuries, but also the leap into electronic typesetting, remaining esse, and more recently with deskto,,2023-02-08 12:07:04,5,,AztecaError,,PostmanRuntime/7.30.1,"{deviceType=Unknown, browserMajorVersion=0, platform=Unknown, browser=Postman Runtime, platformVersion=Unknown, browserType=Bot/Crawler}",1,Unknown,0,Postman Runtime,Unknown,Bot/Crawler
3f583dc5-2567-4795-9c24-6c852dbad59f,An error has occurred in the eval() function,Lorem Ipsum is simply dummy text of the printing and typesetting industry. Lorem Ipsum has been the industry's standard dummy text ever since the 1500s, when an unknown printer took a galley of type and scrambled it to make a type specimen book. It has survived not only five centuries, but also the leap into electronic typesetting, remaining esse, and more recently with deskto,,2023-02-12 12:07:07,6,,AztecaError,,PostmanRuntime/7.30.1,"{deviceType=Unknown, browserMajorVersion=0, platform=Unknown, browser=Postman Runtime, platformVersion=Unknown, browserType=Bot/Crawler}",1,Unknown,0,Postman Runtime,Unknown,Bot/Crawler
3f7a96e9-a475-4990-8de8-078f29e5a844,An error has occurred in the eval() function,Lorem Ipsum is simply dummy text of the printing and typesetting industry. Lorem Ipsum has been the industry's standard dummy text ever since the 1500s, when an unknown printer took a galley of type and scrambled it to make a type specimen book. It has survived not only five centuries, but also the leap into electronic typesetting, remaining esse, and more recently with deskto,,2023-01-26 00:00:00,7,,EvalError,,PostmanRuntime/7.30.0,,1,,,,,
40b8b2a2-91b0-4744-8112-03d86735761c,An error has occurred in the eval() function,Lorem Ipsum is simply dummy text of the printing and typesetting industry. Lorem Ipsum has been the industry's standard dummy text ever since the 1500s, when an unknown printer took a galley of type and scrambled it to make a type specimen book. It has survived not only five centuries, but also the leap into electronic typesetting, remaining esse, and more recently with deskto,,2023-02-01 12:07:10,8,,AztecaError,,PostmanRuntime/7.30.1,"{deviceType=Unknown, browserMajorVersion=0, platform=Unknown, browser=Postman Runtime, platformVersion=Unknown, browserType=Bot/Crawler}",1,Unknown,0,Postman Runtime,Unknown,Bot/Crawler
44fc47c9-3b69-4091-9278-af09d40e5b6e,An error has occurred in the eval() function,Lorem Ipsum is simply dummy text of the printing and typesetting industry. Lorem Ipsum has been the industry's standard dummy text ever since the 1500s, when an unknown printer took a galley of type and scrambled it to make a type specimen book. It has survived not only five centuries, but also the leap into electronic typesetting, remaining esse, and more recently with deskto,,2023-01-26 00:00:00,9,,EvalError,,PostmanRuntime/7.30.0,,1,Samsung8,,,,
455e94a6-8056-44d1-a12c-36efafc8a8df,An error has occurred in the eval() function,Lorem Ipsum is simply dummy text of the printing and typesetting industry. Lorem Ipsum has been the industry's standard dummy text ever since the 1500s, when an unknown printer took a galley of type and scrambled it to make a type specimen book. It has survived not only five centuries, but also the leap into electronic typesetting, remaining esse, and more recently with deskto,,2023-02-11 12:07:06,10,,AztecaError,,PostmanRuntime/7.30.1,"{deviceType=Unknown, browserMajorVersion=0, platform=Unknown, browser=Postman Runtime, platformVersion=Unknown, browserType=Bot/Crawler}",1,Unknown,0,Postman Runtime,Unknown,Bot/Crawler
57c7f6a4-e807-4c1f-b3b6-6e17e457127e,An error has occurred in the eval() function,Lorem Ipsum is simply dummy text of the printing and typesetting industry. Lorem Ipsum has been the industry's standard dummy text ever since the 1500s, when an unknown printer took a galley of type and scrambled it to make a type specimen book. It has survived not only five centuries, but also the leap into electronic typesetting, remaining esse, and more recently with deskto,,2023-02-17 12:07:09,11,,AztecaError,,PostmanRuntime/7.30.1,"{deviceType=Unknown, browserMajorVersion=0, platform=Unknown, browser=Postman Runtime, platformVersion=Unknown, browserType=Bot/Crawler}",1,Unknown,0,Postman Runtime,Unknown,Bot/Crawler
5b817099-589a-4b5c-9705-db075b260002,An error has occurred in the eval() function,Lorem Ipsum is simply dummy text of the printing and typesetting industry. Lorem Ipsum has been the industry's standard dummy text ever since the 1500s, when an unknown printer took a galley of type and scrambled it to make a type specimen book. It has survived not only five centuries, but also the leap into electronic typesetting, remaining esse, and more recently with deskto,,2023-01-31 14:12:50,12,,AztecaError,,PostmanRuntime/7.30.0,"{deviceType=Unknown, browserMajorVersion=0, platform=Unknown, browser=Postman Runtime, platformVersion=Unknown, browserType=Bot/Crawler}",1,,,,,
5e550efb-69ba-457c-b82c-3a51ccf79104,An error has occurred in the eval() function,Lorem Ipsum is simply dummy text of the printing and typesetting industry. Lorem Ipsum has been the industry's standard dummy text ever since the 1500s, when an unknown printer took a galley of type and scrambled it to make a type specimen book. It has survived not only five centuries, but also the leap into electronic typesetting, remaining esse, and more recently with deskto,,2023-01-26 00:00:00,13,,EvalError,,PostmanRuntime/7.30.0,"{deviceType=Unknown, browserMajorVersion=0, platform=Unknown, browser=Postman Runtime, platformVersion=Unknown, browserType=Bot/Crawler}",1,iPhone11,,Chrome0.6,,
6393fd16-ccd5-4429-adc0-4fdaa51554c3,An error has occurred in the eval() function,Lorem Ipsum is simply dummy text of the printing and typesetting industry. Lorem Ipsum has been the industry's standard dummy text ever since the 1500s, when an unknown printer took a galley of type and scrambled it to make a type specimen book. It has survived not only five centuries, but also the leap into electronic typesetting, remaining esse, and more recently with deskto,,2023-02-14 12:07:08,14,,AztecaError,,PostmanRuntime/7.30.1,"{deviceType=Unknown, browserMajorVersion=0, platform=Unknown, browser=Postman Runtime, platformVersion=Unknown, browserType=Bot/Crawler}",1,Unknown,0,Postman Runtime,Unknown,Bot/Crawler
65e8431d-d225-4c67-b6e2-33cb482c3514,An error has occurred in the eval() function,Lorem Ipsum is simply dummy text of the printing and typesetting industry. Lorem Ipsum has been the industry's standard dummy text ever since the 1500s, when an unknown printer took a galley of type and scrambled it to make a type specimen book. It has survived not only five centuries, but also the leap into electronic typesetting, remaining esse, and more recently with deskto,,2023-01-26 00:00:00,15,,EvalError,,PostmanRuntime/7.30.0,,1,iPhone11,,,,
731eaa15-8a2e-48ca-b4ff-206470fd36c3,An error has occurred in the eval() function,Lorem Ipsum is simply dummy text of the printing and typesetting industry. Lorem Ipsum has been the industry's standard dummy text ever since the 1500s, when an unknown printer took a galley of type and scrambled it to make a type specimen book. It has survived not only five centuries, but also the leap into electronic typesetting, remaining esse, and more recently with deskto,,2023-02-13 12:07:07,16,,AztecaError,,PostmanRuntime/7.30.1,"{deviceType=Unknown, browserMajorVersion=0, platform=Unknown, browser=Postman Runtime, platformVersion=Unknown, browserType=Bot/Crawler}",1,Unknown,0,Postman Runtime,Unknown,Bot/Crawler
75090c5a-ea35-45fa-a2b4-24181161f1b2,An error has occurred in the eval() function,Lorem Ipsum is simply dummy text of the printing and typesetting industry. Lorem Ipsum has been the industry's standard dummy text ever since the 1500s, when an unknown printer took a galley of type and scrambled it to make a type specimen book. It has survived not only five centuries, but also the leap into electronic typesetting, remaining esse, and more recently with deskto,,2023-02-05 12:07:13,17,,AztecaError,,PostmanRuntime/7.30.1,"{deviceType=Unknown, browserMajorVersion=0, platform=Unknown, browser=Postman Runtime, platformVersion=Unknown, browserType=Bot/Crawler}",1,Unknown,0,Postman Runtime,Unknown,Bot/Crawler
75e0855e-a8d0-447a-bed1-88cb21798950,An error has occurred in the eval() function,Lorem Ipsum is simply dummy text of the printing and typesetting industry. Lorem Ipsum has been the industry's standard dummy text ever since the 1500s, when an unknown printer took a galley of type and scrambled it to make a type specimen book. It has survived not only five centuries, but also the leap into electronic typesetting, remaining esse, and more recently with deskto,,2023-01-26 00:00:00,18,,EvalError,,PostmanRuntime/7.30.0,,1,iPhone10,,Chrome0.6,,
7747c8e0-cf55-480f-8f04-b3e7ba2d1e99,An error has occurred in the eval() function,Lorem Ipsum is simply dummy text of the printing and typesetting industry. Lorem Ipsum has been the industry's standard dummy text ever since the 1500s, when an unknown printer took a galley of type and scrambled it to make a type specimen book. It has survived not only five centuries, but also the leap into electronic typesetting, remaining esse, and more recently with deskto,,2023-01-26 00:00:00,19,,EvalError,,PostmanRuntime/7.30.0,,1,,,Chrome0.7,,
7b56326e-9053-43d0-993a-05ed02b68ac9,An error has occurred in the eval() function,Lorem Ipsum is simply dummy text of the printing and typesetting industry. Lorem Ipsum has been the industry's standard dummy text ever since the 1500s, when an unknown printer took a galley of type and scrambled it to make a type specimen book. It has survived not only five centuries, but also the leap into electronic typesetting, remaining esse, and more recently with deskto,,2023-02-15 12:07:09,20,,AztecaError,,PostmanRuntime/7.30.1,"{deviceType=Unknown, browserMajorVersion=0, platform=Unknown, browser=Postman Runtime, platformVersion=Unknown, browserType=Bot/Crawler}",1,Unknown,0,Postman Runtime,Unknown,Bot/Crawler
7d65cc4a-ea7f-4825-b792-0c4183e87f84,An error has occurred in the eval() function,Lorem Ipsum is simply dummy text of the printing and typesetting industry. Lorem Ipsum has been the industry's standard dummy text ever since the 1500s, when an unknown printer took a galley of type and scrambled it to make a type specimen book. It has survived not only five centuries, but also the leap into electronic typesetting, remaining esse, and more recently with deskto,,2023-02-07 12:06:52,21,,AztecaError,,PostmanRuntime/7.30.1,"{deviceType=Unknown, browserMajorVersion=0, platform=Unknown, browser=Postman Runtime, platformVersion=Unknown, browserType=Bot/Crawler}",1,Unknown,0,Postman Runtime,Unknown,Bot/Crawler
8b7a7dcd-62ac-4dce-9b51-9333ebc9aa11,An error has occurred in the eval() function,Lorem Ipsum is simply dummy text of the printing and typesetting industry. Lorem Ipsum has been the industry's standard dummy text ever since the 1500s, when an unknown printer took a galley of type and scrambled it to make a type specimen book. It has survived not only five centuries, but also the leap into electronic typesetting, remaining esse, and more recently with deskto,,2023-02-09 12:07:05,22,,AztecaError,,PostmanRuntime/7.30.1,"{deviceType=Unknown, browserMajorVersion=0, platform=Unknown, browser=Postman Runtime, platformVersion=Unknown, browserType=Bot/Crawler}",1,Unknown,0,Postman Runtime,Unknown,Bot/Crawler
9d5e1bae-2204-4a15-ae0d-1870a06194e8,An error has occurred in the eval() function,Lorem Ipsum is simply dummy text of the printing and typesetting industry. Lorem Ipsum has been the industry's standard dummy text ever since the 1500s, when an unknown printer took a galley of type and scrambled it to make a type specimen book. It has survived not only five centuries, but also the leap into electronic typesetting, remaining esse, and more recently with deskto,,2023-01-26 00:00:00,23,,EvalError,,PostmanRuntime/7.30.0,,1,Samsung8,,,,
a7852d8e-3e9c-4f58-8b3a-3c5e61591113,An error has occurred in the eval() function,Lorem Ipsum is simply dummy text of the printing and typesetting industry. Lorem Ipsum has been the industry's standard dummy text ever since the 1500s, when an unknown printer took a galley of type and scrambled it to make a type specimen book. It has survived not only five centuries, but also the leap into electronic typesetting, remaining esse, and more recently with deskto,,2023-02-10 12:07:05,24,,AztecaError,,PostmanRuntime/7.30.1,"{deviceType=Unknown, browserMajorVersion=0, platform=Unknown, browser=Postman Runtime, platformVersion=Unknown, browserType=Bot/Crawler}",1,Unknown,0,Postman Runtime,Unknown,Bot/Crawler
b68fc26a-589e-4a43-979f-1ae2b5e8ecf5,An error has occurred in the eval() function,,"{""menu"":{""header"":""SVG Viewer"",""items"":[{""id"":""Open""},{""id"":""OpenNew"",""label"":""Open New""},null,{""id"":""ZoomIn"",""label"":""Zoom In""},{""id"":""ZoomOut"",""label"":""Zoom Out""},{""id"":""OriginalView"",""label"":""Original View""},null,{""id"":""Quality""},{""id"":""Pause""},{""id"":""Mute""},null,{""id"":""Find"",""label"":""Find...""},{""id"":""FindAgain"",""label"":""Find Again""},{""id"":""Copy""},{""id"":""CopyAgain"",""label"":""Copy Again""},{""id"":""CopySVG"",""label"":""Copy SVG""},{""id"":""ViewSVG"",""label"":""View SVG""},{""id"":""ViewSource"",""label"":""View Source""},{""id"":""SaveAs"",""label"":""Save As""},null,{""id"":""Help""},{""id"":""About"",""label"":""About Adobe CVG Viewer...""}]}}",application/json:PostmanRuntime/7.30.1,,,,2023-02-13 16:10:13,2,,AztecaError,,PostmanRuntime/7.30.1,"{deviceType=Unknown, browserMajorVersion=0, platform=Unknown, browser=Postman Runtime, platformVersion=Unknown, browserType=Bot/Crawler}",1,Unknown,0,Postman Runtime,Unknown,Bot/Crawler
b85b07dd-d376-4fc6-a502-9fff7c2ae7ce,An error has occurred in the eval() function,Lorem Ipsum is simply dummy text of the printing and typesetting industry. Lorem Ipsum has been the industry's standard dummy text ever since the 1500s, when an unknown printer took a galley of type and scrambled it to make a type specimen book. It has survived not only five centuries, but also the leap into electronic typesetting, remaining esse, and more recently with deskto,,2023-02-16 12:07:08,25,,AztecaError,,PostmanRuntime/7.30.1,"{deviceType=Unknown, browserMajorVersion=0, platform=Unknown, browser=Postman Runtime, platformVersion=Unknown, browserType=Bot/Crawler}",1,Unknown,0,Postman Runtime,Unknown,Bot/Crawler
c05b6b98-8118-4384-91e0-8aa91d196941,An error has occurred in the eval() function,Lorem Ipsum is simply dummy text of the printing and typesetting industry. Lorem Ipsum has been the industry's standard dummy text ever since the 1500s, when an unknown printer took a galley of type and scrambled it to make a type specimen book. It has survived not only five centuries, but also the leap into electronic typesetting, remaining esse, and more recently with deskto,,2023-02-18 12:07:04,26,,AztecaError,,PostmanRuntime/7.30.1,"{deviceType=Unknown, browserMajorVersion=0, platform=Unknown, browser=Postman Runtime, platformVersion=Unknown, browserType=Bot/Crawler}",1,Unknown,0,Postman Runtime,Unknown,Bot/Crawler
ca43f0e2-42d6-4fac-bb81-5fde32f3a342,An error has occurred in the eval() function,,,application/json:PostmanRuntime/7.30.1,,,,2023-02-11 18:52:39,2,,AztecaError,,PostmanRuntime/7.30.1,"{deviceType=Unknown, browserMajorVersion=0, platform=Unknown, browser=Postman Runtime, platformVersion=Unknown, browserType=Bot/Crawler}",1,Unknown,0,Postman Runtime,Unknown,Bot/Crawler
ccc5cd66-6648-4aaf-8a70-4858cb86e5e9,An error has occurred in the eval() function,Lorem Ipsum is simply dummy text of the printing and typesetting industry. Lorem Ipsum has been the industry's standard dummy text ever since the 1500s, when an unknown printer took a galley of type and scrambled it to make a type specimen book. It has survived not only five centuries, but also the leap into electronic typesetting, remaining esse, and more recently with deskto,,2023-02-19 12:07:10,27,,AztecaError,,PostmanRuntime/7.30.1,"{deviceType=Unknown, browserMajorVersion=0, platform=Unknown, browser=Postman Runtime, platformVersion=Unknown, browserType=Bot/Crawler}",1,Unknown,0,Postman Runtime,Unknown,Bot/Crawler
d68ebb5d-da06-4fc9-98ae-5e60af407155,An error has occurred in the eval() function,Lorem Ipsum is simply dummy text of the printing and typesetting industry. Lorem Ipsum has been the industry's standard dummy text ever since the 1500s, when an unknown printer took a galley of type and scrambled it to make a type specimen book. It has survived not only five centuries, but also the leap into electronic typesetting, remaining esse, and more recently with deskto,,2023-03-01 12:07:06,28,,AztecaError,,PostmanRuntime/7.30.1,"{deviceType=Unknown, browserMajorVersion=0, platform=Unknown, browser=Postman Runtime, platformVersion=Unknown, browserType=Bot/Crawler}",1,Unknown,0,Postman Runtime,Unknown,Bot/Crawler
d843334b-fa1f-4933-a467-10529a9153d6,An error has occurred in the eval() function,Lorem Ipsum is simply dummy text of the printing and typesetting industry. Lorem Ipsum has been the industry's standard dummy text ever since the 1500s, when an unknown printer took a galley of type and scrambled it to make a type specimen book. It has survived not only five centuries, but also the leap into electronic typesetting, remaining esse, and more recently with deskto,,2023-01-11 14:48:31,29,,EvalError,,PostmanRuntime/7.30.0,"{deviceType=Unknown, browserMajorVersion=0, platform=Unknown, browser=Postman Runtime, platformVersion=Unknown, browserType=Bot/Crawler}",1,,,Chrome0.7,,
e0b983c7-b1ad-443a-bce6-fff1f128a0e6,An error has occurred in the eval() function,Lorem Ipsum is simply dummy text of the printing and typesetting industry. Lorem Ipsum has been the industry's standard dummy text ever since the 1500s, when an unknown printer took a galley of type and scrambled it to make a type specimen book. It has survived not only five centuries, but also the leap into electronic typesetting, remaining esse, and more recently with deskto,,2023-01-12 00:00:00,30,,EvalError,,PostmanRuntime/7.30.0,,1,,,,,
e18c772e-b96c-4f87-b42d-a348316fed21,An error has occurred in the eval() function,Lorem Ipsum is simply dummy text of the printing and typesetting industry. Lorem Ipsum has been the industry's standard dummy text ever since the 1500s, when an unknown printer took a galley of type and scrambled it to make a type specimen book. It has survived not only five centuries, but also the leap into electronic typesetting, remaining esse, and more recently with deskto,,2023-01-13 00:00:00,31,,EvalError,,PostmanRuntime/7.30.0,,1,,,Safari0.5,,
eb0d5296-fc2b-4c4e-a341-266b6e0aa154,An error has occurred in the eval() function,Lorem Ipsum is simply dummy text of the printing and typesetting industry. Lorem Ipsum has been the industry's standard dummy text ever since the 1500s, when an unknown printer took a galley of type and scrambled it to make a type specimen book. It has survived not only five centuries, but also the leap into electronic typesetting, remaining esse, and more recently with deskto,,2023-01-13 00:00:00,32,,EvalError,,PostmanRuntime/7.30.0,,1,,,,,
f658beb7-19c2-425b-a91b-d53534d6deda,An error has occurred in the eval() function,Lorem Ipsum is simply dummy text of the printing and typesetting industry. Lorem Ipsum has been the industry's standard dummy text ever since the 1500s, when an unknown printer took a galley of type and scrambled it to make a type specimen book. It has survived not only five centuries, but also the leap into electronic typesetting, remaining esse, and more recently with deskto,,2023-02-14 12:07:12,33,,AztecaError,,PostmanRuntime/7.30.1,"{deviceType=Unknown, browserMajorVersion=0, platform=Unknown, browser=Postman Runtime, platformVersion=Unknown, browserType=Bot/Crawler}",1,Unknown,0,Postman Runtime,Unknown,Bot/Crawler
f7320f5a-c54b-41ea-9b99-23937390b9f4,An error has occurred in the eval() function,Lorem Ipsum is simply dummy text of the printing and typesetting industry. Lorem Ipsum has been the industry's standard dummy text ever since the 1500s, when an unknown printer took a galley of type and scrambled it to make a type specimen book. It has survived not only five centuries, but also the leap into electronic typesetting, remaining esse, and more recently with deskto,,2023-01-14 00:00:00,34,,EvalError,,PostmanRuntime/7.30.0,,1,,,,,
